Date,Transaction ID,Amount (BTC),Memo
Mon Aug 12 2024 13:00:36 GMT+1000,caac75fbfb44a1adc9c57e1be037a8e44ba6fd6876fd6b53b37f53e2317243cc,-0.26681201,Sell iDesignIT Bitcoin
Tue Jul 16 2024 13:43:31 GMT+1000,6ee8c6d26d62b1b53a5aa1d81ef2d47bc4b65c95bd687a3290ca5f69a20c1e0c,-0.20870096,iDesignIT BTC Sell
Wed Apr 10 2024 14:06:59 GMT+1000,1e28aa705b0b24ac9ab5cf9191397a2ce4234e5cea6b1ba5ca684410d2662af0,-0.00051938,Testing Transfer
Thu Jan 04 2024 16:09:30 GMT+1100,9b6de84b77f5f4975960bd5d301ea1581e61a5264999dc0c506bef1450e6a80c,-0.00043767,Consolidate UTXO
Fri Oct 27 2023 13:20:16 GMT+1100,c423ac599369ab43ba09272c42cb874c3a12c196d9ff595f90a54386bd281d46,-0.00110289,Koinly upgrade
Thu Oct 26 2023 20:49:31 GMT+1100,42d14ff92033a67c540bf0c8a0bb7437d4d5f5c343eaea47005c5f9a9a707cfc,-0.0007629,Koinly fee
Thu Sep 07 2023 16:19:07 GMT+1000,9f453d473ff1866de015d9c53adab9b5f70aaf7223957674dd63686cf8177038,0.05922971,
Thu Jul 27 2023 23:33:25 GMT+1000,9b74e7b6f80d7815a516970e38d1d7c8e59ff5c9c59ad7090aafcec1eee11684,0.00591191,
Sun May 28 2023 17:40:56 GMT+1000,b2130961ac8db544e18e5d0d118075f6135d06a97eac4973221f0e2f5966b31b,-0.01002366,Bitcoin to strike
Sun May 28 2023 17:40:56 GMT+1000,024b568fbcb22d5b97930d8633c9243399dfa16a5dd1542e35a02f986238c5bc,-0.00012584,
Thu Apr 13 2023 14:06:09 GMT+1000,e1b3acfb4473a8af6fce069a9528b2f7f6609a72d6463856ca016df170e0abe1,0.16986887,
Sat Apr 08 2023 22:10:17 GMT+1000,784a7d5e5b430ca2aa68675247f31c476c60020a9e6f76f5d23ae6844d2b5b38,0.01546851,
Sat Jan 14 2023 23:01:39 GMT+1100,3076966446ea796818bb1f1a0a4aff86cb69df60202f8fe8ca053eb4e40b6c08,0.01751172,
Thu Dec 22 2022 19:29:19 GMT+1100,897ae9a1d51cb2369b4d90a4b5f5e45e8855a62dfb825636998412359be77a3c,-0.09002704,Bitcoin node maintenance
Thu Dec 22 2022 13:59:22 GMT+1100,d7e5fcf83c446f7f3881d882ae9951f1614d1f8b8655cedeffeaaca27ff44684,-0.08101521,Bitcoin Node Management
Tue Oct 18 2022 01:27:49 GMT+1100,f52948b3c70ba67dd8820ac4f096689d01f1700d2a08fcb5fc15f3eea73670a2,0.00001,
Tue Oct 18 2022 01:27:49 GMT+1100,0cf0026fb5a992530371c2ab10348a5dfb0a1c6cac35feca70cbe33bf2350345,0.00000986,
Mon Oct 10 2022 22:37:05 GMT+1100,b32cbf27bac4586c0e2f94725b2c267c3196941c5ac74c7b5dd6065a42f50442,0.00010431,
Mon Oct 10 2022 22:36:48 GMT+1100,27ae253e7549d0f5c5b1d4da9656ac8cf40a86511d70e304e5b199d533892e48,-0.00014435,Miltisig test 2
Mon Oct 10 2022 21:50:26 GMT+1100,46feef978cf0e959303b373b559b449cdd93864fe1995a1ef4db23d086668ce8,-0.00010916,Test multi
Mon Oct 10 2022 00:26:20 GMT+1100,047d8a9403fa3767c356f56c5543c0c75fdac218f518774d5b50833dfbf7c7e9,0.25263701,
Thu Sep 29 2022 19:50:53 GMT+1000,e837d7e18481ffbe3b41cccdbb39344ee007a4c91da9ec9b26ad40be9c20b765,-0.00010169,Testing
Thu Sep 29 2022 14:37:11 GMT+1000,b31b6664240ba791114c1e7244eae2de657b7b5549a375273b5f3e15d3827566,0.03227605,
Wed Aug 10 2022 13:54:12 GMT+1000,746d7b82809e7d4f06c10a0ca9d48a77da8a713ec90fb176d6a8af80c1830c3a,0.00039858,
Mon Jul 25 2022 20:40:53 GMT+1000,5a8a2e035df292dd1bcbc8fe716acba72d86aeea2ea848082b1aa468f46253ce,0.0001,
Mon Jul 25 2022 18:22:15 GMT+1000,ba785f9c9010376ebe125ce4c0004af7e58b41bc3a207171445d96222ec84ad5,-0.00010338,Testing
Mon Jul 25 2022 14:36:28 GMT+1000,781a87a07f273ade3316371d0a6ee22bf8fe4a6002f7ce1d2e0124d45feaf2c5,-0.00010338,Testing
Mon Apr 25 2022 21:08:57 GMT+1000,aa67dd221e5f5a2471842acd629eaaaf652fefbceeb457db609ce10871c71c2d,-0.11138988,
Wed May 26 2021 22:20:51 GMT+1000,2badd5465eadfce405a769fadd67c3861d14fceee34fe11e0ef64eb6ef7359c2,0.09648287,
Wed May 26 2021 22:14:25 GMT+1000,92e514cbba275b8b9404ed06b50a01f2c0b1ca596d84d275d0387dd38c39b76a,0.0006,
Fri Apr 23 2021 19:35:09 GMT+1000,d5192ffca475e0e54bcc3272e927ca65b54df7d773f3f69a130f7232986eff2c,0.09987,
Fri Apr 23 2021 19:19:10 GMT+1000,6965fc8bf3fbaf538f79945573c238be7907554a765e13f1b1797572f70cf2fd,0.021,